<application>
  <component name="FileTypeManager" version="18">
    <extensionMap>
      <mapping pattern="index" type="HTML" />
      <mapping pattern="checkboxes.text.tsx" type="PLAIN_TEXT" />
      <mapping pattern=".dockerignore" type="PLAIN_TEXT" />
      <mapping pattern="dateRange.test.tsx" type="PLAIN_TEXT" />
      <mapping pattern="README" type="PLAIN_TEXT" />
      <mapping pattern="datetime.text.tsx" type="PLAIN_TEXT" />
      <mapping ext="tpl" type="PLAIN_TEXT" />
      <mapping ext="jison" type="PLAIN_TEXT" />
      <mapping ext="fnc" type="DBN-PSQL" />
      <mapping ext="pkb" type="DBN-PSQL" />
      <mapping ext="pkg" type="DBN-PSQL" />
      <mapping ext="pks" type="DBN-PSQL" />
      <mapping ext="prc" type="DBN-PSQL" />
      <mapping ext="tpb" type="DBN-PSQL" />
      <mapping ext="tpe" type="DBN-PSQL" />
      <mapping ext="tps" type="DBN-PSQL" />
      <mapping ext="trg" type="DBN-PSQL" />
      <mapping ext="vw" type="DBN-SQL" />
    </extensionMap>
  </component>
</application>